{
  "d1_pl1": {
    "bid1": 0.16666666666666666,
    "bid2": 0.16666666666666666,
    "bid3": 0.16666666666666666,
    "bid4": 0.16666666666666666,
    "bid5": 0.16666666666666666,
    "bid6": 0.16666666666666666
  }
}