{
  "d1_pl1": {
    "bid1": 1.6666666666666664e-05,
    "bid2": 1.6666666666666664e-05,
    "bid3": 1.6666666666666664e-05,
    "bid4": 2.777777777777778e-05,
    "bid5": 8.429207998387784e-05,
    "bid6": 0.9998379301422383
  }
}