{
  "d1_pl1_1": {
    "bid1": 3.999920001599968e-10,
    "bid2": 0.19999999992000161,
    "bid3": 0.19999999992000161,
    "bid4": 0.19999999992000161,
    "bid5": 0.19999999992000161,
    "bid6": 0.19999999992000161
  },
  "d1_pl1_2": {
    "bid1": 3.999920001599968e-10,
    "bid2": 3.999920001599968e-10,
    "bid3": 0.249999999800004,
    "bid4": 0.249999999800004,
    "bid5": 0.249999999800004,
    "bid6": 0.249999999800004
  },
  "d1_pl1_3": {
    "bid1": 3.999920001599968e-10,
    "bid2": 3.999920001599968e-10,
    "bid3": 3.999920001599968e-10,
    "bid4": 0.33333333293334133,
    "bid5": 0.33333333293334133,
    "bid6": 0.33333333293334133
  },
  "d1_pl1_4": {
    "bid1": 3.999920001599968e-10,
    "bid2": 3.999920001599968e-10,
    "bid3": 3.999920001599968e-10,
    "bid4": 3.999920001599968e-10,
    "bid5": 0.499999999200016,
    "bid6": 0.499999999200016
  },
  "d1_pl1_5": {
    "bid1": 3.999920001599968e-10,
    "bid2": 3.999920001599968e-10,
    "bid3": 3.999920001599968e-10,
    "bid4": 3.999920001599968e-10,
    "bid5": 3.999920001599968e-10,
    "bid6": 0.99999999800004
  },
  "d1_pl1_6": {
    "bid1": 0.16666666666666666,
    "bid2": 0.16666666666666666,
    "bid3": 0.16666666666666666,
    "bid4": 0.16666666666666666,
    "bid5": 0.16666666666666666,
    "bid6": 0.16666666666666666
  }
}